,Municipio,Localidad,Coordenadas,Unnamed: 3,Muestra,FECHA DE MUESTREO ,pH,Conductividad (μs/cm),As (μg/L),Flúor (mg/L),Na+ (mg/L),K+    (mg/L),Fe+ (mg/L),Ca+ (mg/L),Mg+ (mg/L),NO3- (mg/L),Cl- (mg/L), CO3-2 (mg/L),HCO3- (mg/L),Alcalinidad total                (mg CaCO3/L),SO4,Tipo de Agua
0,,,Longitud,Latitud,,,,,,,,,,,,,,,,,,
1,Durango,El Nayar,-104.69545,23.96292,60.0,2017-08-08,8.14,337.0,61.5,3.1500000000000004,40.922,1.4075,0.007,15.0015,0.2675,3.25,4.140000000000001,0.0,97.0,97.0,70.61500000000001,BICARBONATADA SODICA
2,Durango,Sebastián Lerdo de Tejada,-104.64026,23.95718,61.0,2017-08-08,8.11,406.0,38.5,2.6,45.885,0.61,,20.153,0.0645,2.1,2.04,0.0,122.0,122.0,79.445,BICARBONATADA SODICA
3,Durango,Felipe Ángeles,-104.55661,23.93505,62.0,2017-08-08,8.375,384.1,26.5,1.4,38.536,6.3665,,21.809,1.189,1.35,2.325,0.0,140.0,140.0,53.730000000000004,BICARBONATADA SODICA
4,Durango,Villa Montemorelos,-104.48167,23.99177,63.0,2017-08-08,8.5,557.5,23.5,1.2,31.6805,6.734999999999999,,32.833,6.5825,4.4,4.68,0.0,206.5,206.5,60.245000000000005,BICARBONATADA CALCICA Y/O MAGNESICA
5,Durango,Belisario Domínguez,-104.50855,24.02664,64.0,2017-08-08,8.33,326.1,97.5,5.95,45.6745,1.6524999999999999,0.0795,8.519,0.21,0.52,5.390000000000001,0.0,83.0,83.0,59.879999999999995,BICARBONATADA SODICA
6,Durango,5 de Febrero,-104.50459,24.07706,65.0,2017-08-08,8.405000000000001,998.0,188.5,10.0,145.92849999999999,6.499499999999999,,7.954000000000001,0.161,0.88,11.45,0.0,214.8,214.8,187.05,CLORURADAS Y/O SULFATADAS SODICAS
7,Durango,5 de Mayo,-104.57493,24.10197,66.0,2017-08-08,8.54,820.95,30.0,4.5,58.8205,7.3145,,32.698499999999996,9.215,6.05,11.649999999999999,0.0,220.5,220.5,87.005,BICARBONATADA SODICA
8,Durango,Col. Hidalgo Exterior,-104.58433,24.15652,67.0,2017-08-08,8.595,687.75,40.5,5.1,84.6565,8.088999999999999,,17.439999999999998,6.2995,1.95,6.29,0.0,245.0,245.0,12.285,BICARBONATADA SODICA
9,Durango,Col. Hidalgo Interior,-104.58926,24.15807,68.0,2017-08-08,8.655000000000001,685.3,48.0,5.15,84.56649999999999,8.280999999999999,,17.618000000000002,6.1335,2.0,6.195,0.0,244.0,244.0,21.34,BICARBONATADA SODICA
10,Durango,Labor de Guadalupe,-104.59568,24.16183,69.0,2017-08-08,8.645,768.0,101.0,8.35,119.581,8.596499999999999,,6.9945,1.641,4.5,13.3,0.0,221.0,221.0,28.630000000000003,BICARBONATADA SODICA
11,Durango,Abraham González,-104.52459,24.21119,70.0,2017-08-08,8.71,1205.5,63.0,7.050000000000001,250.025,7.2705,,2.4115,2.0605,1.25,8.094999999999999,0.0,429.0,429.0,54.364999999999995,BICARBONATADA SODICA
12,Santa Clara,Santa Clara (Pozo),-103.35529,24.47955,71.0,2017-08-16,8.530000000000001,1650.0,42.0,1.5,136.462,8.6875,,65.262,12.088000000000001,9.6,26.5,0.0,183.0,183.0,282.76,CLORURADAS Y/O SULFATADAS SODICAS
13,Santa Clara,Santa Clara (Agua de clínica),-103.35738,24.47428,72.0,2017-08-16,8.43,1333.0,33.0,0.99,81.463,7.811999999999999,,65.7005,12.617,17.0,28.0,0.0,199.0,199.0,130.78,SULFATADA Y/O CLORURADAS CALCICAS Y/O MAGNESICAS
14,Santa Clara,10 de Abril,-103.48305,24.55596,73.0,2017-08-16,8.14,3011.0,27.0,1.0,195.79000000000002,4.0424999999999995,0.1055,429.05,36.686499999999995,11.0,80.5,0.0,123.0,123.0,170.59,SULFATADA Y/O CLORURADAS CALCICAS Y/O MAGNESICAS
15,Cuencamé ,12 de Diciembre,-103.57072,24.70457,74.0,2017-08-16,8.555,816.25,33.0,0.97,113.5035,1.121,,16.9655,2.4865,5.4,19.700000000000003,0.0,249.0,249.0,52.275000000000006,BICARBONATADA SODICA
16,Cuencamé ,Pedriceña (Pozo),-103.78703,25.11555,75.0,2017-08-16,8.18,1970.0,78.0,1.4,142.1125,4.936,,86.33699999999999,32.5655,33.0,87.5,0.0,275.0,275.0,130.99,SULFATADA Y/O CLORURADAS CALCICAS Y/O MAGNESICAS
17,Cuencamé ,Pedriceña (Pozo),-103.793,25.11337,76.0,2017-08-16,8.21,1894.5,53.5,1.3,133.3365,4.7204999999999995,,86.811,33.202,34.5,78.6,0.0,270.0,270.0,149.735,SULFATADA Y/O CLORURADAS CALCICAS Y/O MAGNESICAS
18,Cuencamé ,Velardeña,-103.72892,25.06214,77.0,2017-08-16,8.415,1515.0,79.5,1.3,156.213,2.9835000000000003,0.6075,40.896,20.375999999999998,12.5,49.849999999999994,0.0,291.0,291.0,115.52,BICARBONATADA SODICA
19,Cuencamé ,Vista Hermosa,-103.72007,25.03685,78.0,2017-08-16,8.265,2090.0,73.5,1.1,164.4745,6.3055,,60.629000000000005,55.504,31.0,116.0,0.0,274.0,274.0,165.90499999999997,SULFATADA Y/O CLORURADAS CALCICAS Y/O MAGNESICAS
20,Cuencamé ,Cuencamé (Casa cerca de Pozo),-103.70484,24.86844,79.0,2017-08-16,8.46,896.45,38.5,1.0,100.00200000000001,4.7335,,22.204,4.27,1.3,16.75,0.0,268.0,268.0,53.985,BICARBONATADA SODICA
21,Cuencamé ,Cuencamé (Casa almacenada del día),-103.69326,24.86009,80.0,2017-08-16,8.43,1441.5,47.5,1.0,112.22,5.8075,,58.236000000000004,19.2365,6.550000000000001,48.8,0.0,260.0,260.0,125.83000000000001,BICARBONATADA SODICA
22,Peñón Blanco,Yerbanis,-103.87991,24.67853,81.0,2017-08-17,8.559999999999999,819.8499999999999,286.5,1.6,48.43,16.432000000000002,,27.4595,8.9055,4.85,18.2,0.0,258.0,258.0,58.265,BICARBONATADA SODICA
23,Peñón Blanco,Peñón Blanco,-104.02771,24.79014,82.0,2017-08-17,8.295,608.5,100.0,1.6,38.995000000000005,11.0735,,29.7935,3.5385,4.6,11.25,0.0,178.0,178.0,76.58000000000001,BICARBONATADA CALCICA Y/O MAGNESICA
24,Peñón Blanco,J. Agustín Castro,-103.924,24.6054,83.0,2017-08-17,8.325,1108.0,91.5,2.3,38.5145,19.8245,,47.701,23.634999999999998,22.0,31.95,0.0,180.0,180.0,53.205,BICARBONATADA CALCICA Y/O MAGNESICA
25,Peñón Blanco,Luis Moya,-103.96483,24.55175,84.0,2017-08-17,8.14,786.0,296.5,3.3,45.9765,14.2195,,39.420500000000004,8.393,3.95,7.91,0.0,224.0,224.0,131.72,BICARBONATADA CALCICA Y/O MAGNESICA
26,Guadalupe Victoria,Guadalupe Victoria,-104.12242,24.45096,85.0,2017-08-17,8.225000000000001,577.9,64.5,1.4,17.059,3.2035,,36.532,5.327999999999999,11.0,17.4,0.0,150.0,150.0,73.215,BICARBONATADA CALCICA Y/O MAGNESICA
27,Guadalupe Victoria,Guadalupe Victoria (Pozo),-104.12242,24.45096,86.0,2017-08-17,8.254999999999999,591.85,33.0,1.4,16.698,3.2634999999999996,,39.189499999999995,5.0945,11.0,18.6,0.0,162.0,162.0,52.825,BICARBONATADA CALCICA Y/O MAGNESICA
28,Guadalupe Victoria,Guadalupe Victoria (Pozo),-104.12976,24.4495,87.0,2017-08-17,8.39,534.7,37.0,1.6,28.822,3.5220000000000002,,30.2125,3.435,5.4,11.6,0.0,170.0,170.0,70.25999999999999,BICARBONATADA CALCICA Y/O MAGNESICA
29,Panuco de Coronado,Fco. I. Madero,-104.32398,24.40669,88.0,2017-08-17,8.44,473.6,57.5,2.8,37.5745,3.7685,,24.297,1.62,3.2,3.82,0.0,162.0,162.0,43.0,BICARBONATADA SODICA
30,Santiago Papasquiaro,Valle del Tagarete,-105.42931,25.05961,89.0,2017-10-20,8.155,1085.5,29.362000000000002,4.5,254.428,2.814,,26.052999999999997,0.273,10.932450000000001,8.235,13.200000000000003,490.05000000000007,503.25,48.885225,BICARBONATADA SODICA
31,Santiago Papasquiaro,Valle Dorado,-105.4329,25.04394,90.0,2017-10-20,8.6,702.6,31.915999999999997,2.52,150.155,1.7565,,5.086,0.07050000000000001,13.189175,7.1899999999999995,13.200000000000003,277.20000000000005,290.4,42.808525,BICARBONATADA SODICA
32,Santiago Papasquiaro,La Huerta,-105.41999,25.03786,91.0,2017-10-20,8.765,492.85,36.5685,1.705,107.9325,2.0854999999999997,,7.8345,0.3315,8.117625,6.55,11.55,194.70000000000005,206.25,25.19525,BICARBONATADA SODICA
33,Santiago Papasquiaro,Las turbinas,-105.4142,25.03155,92.0,2017-10-20,8.565,437.15,19.5765,0.604,96.30699999999999,1.9055,,7.745,0.065,8.37575,5.460000000000001,11.55,185.75,193.05,14.34715,BICARBONATADA SODICA
34,Santiago Papasquiaro,10 de Abril,-105.41007,25.03226,93.0,2017-10-20,8.32,419.79999999999995,19.686999999999998,0.753,30.817500000000003,2.3425000000000002,,39.128,2.0685,9.455275,4.555,8.25,183.15000000000003,191.40000000000003,15.081075,BICARBONATADA CALCICA Y/O MAGNESICA
35,Santiago Papasquiaro,Colinas,-105.44324,25.04651,94.0,2017-10-20,8.33,784.8499999999999,11.275500000000001,6.705,172.716,2.5795,,18.151,0.118,1.64995,5.305,11.55,293.70000000000005,305.25,74.59915,BICARBONATADA SODICA
36,Nuevo Ideal,Pozo 1,-105.05277,24.90352,95.0,2017-10-20,8.43,316.75,50.7735,2.295,60.956,2.8979999999999997,,5.832,0.2255,3.2752,3.0300000000000002,13.200000000000003,140.25,153.45,7.56855,BICARBONATADA SODICA
37,Nuevo Ideal,Pozo 3,-105.05871,24.89836,96.0,2017-10-20,8.030000000000001,281.75,44.188,0.705,53.212,4.661,,17.438,1.5405,6.67525,5.195,0.0,127.05000000000001,127.05000000000001,7.280875,BICARBONATADA SODICA
38,Nuevo Ideal,Miguel Negrete,-104.98292,25.00911,97.0,2017-10-20,7.875,518.3,12.5305,0.4185,33.959,7.721500000000001,,52.96387774004322,3.4124999999999996,48.078475,16.55,0.0,191.40000000000003,191.40000000000003,17.8009,BICARBONATADA CALCICA Y/O MAGNESICA
39,Canatlán,Cantlán,-104.77705,24.53372,98.0,2017-10-20,8.07,263.8,10.572500000000002,0.3905,25.27,8.219000000000001,,15.9225,2.7465,7.083025,5.625,0.0,95.70000000000002,95.70000000000002,8.77185,BICARBONATADA SODICA
40,Canatlán,Guadalupe Aguilera,-104.69968,24.44247,99.0,2017-10-20,8.055,331.9,5.555,0.218,28.826,5.634,,34.772,4.6240000000000006,2.994775,5.85,0.0,151.8,151.79999999999998,9.943775,BICARBONATADA CALCICA Y/O MAGNESICA
41,Canatlán,Nicolás Bravo,-104.742,24.391,100.0,2017-10-20,8.23,306.15,52.685500000000005,4.165,52.1935,4.227,,11.553,0.6025,5.89965,5.42,0.0,105.6,105.60000000000001,20.1711,BICARBONATADA SODICA
42,Durango,Juan B. Ceballos,-104.6663,24.2067,101.0,2017-10-20,7.925000000000001,373.0,4.183,0.4745,10.8135,5.2425,,33.147499999999994,10.6785,31.910024999999997,10.55,0.0,140.25,140.25,8.231225,BICARBONATADA CALCICA Y/O MAGNESICA
43,Vicente Guerrero,Vicente Guerrero,-103.99476,23.73862,102.0,2017-10-21,8.08,669.2,8.205,0.479,38.108999999999995,6.8665,,54.72625295873212,3.4725,47.317400000000006,22.25,0.0,222.75000000000006,222.75000000000003,50.589549999999996,BICARBONATADA CALCICA Y/O MAGNESICA
44,Vicente Guerrero,Estación de bomberos,-103.98071,23.72654,103.0,2017-10-21,8.09,426.3,10.748,0.67,36.177499999999995,6.8575,,51.6215,1.2765,7.52825,4.6850000000000005,0.0,184.8,184.80000000000004,23.00425,BICARBONATADA CALCICA Y/O MAGNESICA
45,Vicente Guerrero,San Isidro,-104.05889,23.68294,104.0,2017-10-21,8.165,357.95000000000005,21.413,1.55,35.762,3.6925,,42.586,0.975,1.3887,2.435,0.0,163.35,163.35000000000002,12.178325000000001,BICARBONATADA CALCICA Y/O MAGNESICA
46,Vicente Guerrero,La Joya,-103.9959,23.83754,105.0,2017-10-21,8.21,451.35,17.543,1.03,41.6045,6.3629999999999995,,49.521,3.287,6.102874999999999,6.715,0.0,191.40000000000003,191.40000000000003,29.6959,BICARBONATADA CALCICA Y/O MAGNESICA
47,Vicente Guerrero,La Joya en el entronque,-103.98821,23.75016,106.0,2017-10-21,8.25,465.65,12.483,0.655,35.5435,5.697,0.1175,52.6641453123392,1.8014999999999999,22.74455,9.125,4.95,184.8,189.75,29.188425000000002,BICARBONATADA CALCICA Y/O MAGNESICA
48,Nombre de Dios,La Parrilla,-104.08432,23.77492,107.0,2017-10-21,8.23,442.79999999999995,24.3645,2.77,66.305,8.793,0.71,40.278,3.208,3.3143,13.05,0.0,214.5,214.5,30.84385,BICARBONATADA SODICA
49,Nombre de Dios,Nombre de Dios,-104.24706,23.85314,108.0,2017-10-21,8.03,506.6,16.9765,1.685,52.605,7.218,,52.86353812905217,2.6395,1.238175,5.785,0.0,264.00000000000006,264.00000000000006,5.638625,BICARBONATADA CALCICA Y/O MAGNESICA
50,Tepehuanes,Los Herrera,-105.502497,25.160463,109.0,2017-10-20,8.44,344.3,34.395,1.26,58.323,3.812,<0.1,9.427,0.269,3.62415,4.17,3.3000000000000003,135.3,138.59999999999997,9.3703,BICARBONATADA SODICA
51,Tepehuanes,Corrales,-105.571389,25.205278,110.0,2017-10-20,8.4,446.0,35.621,3.81,67.269,2.464,<0.1,21.428,0.094,19.056849999999997,10.0,3.3000000000000003,145.20000000000002,148.50000000000003,30.4539,BICARBONATADA SODICA
52,Tepehuanes,Sandias,-105.593333,25.247222,111.0,2017-10-20,8.21,289.7,13.627,1.33,34.723,4.046,<0.1,19.059,1.379,0.7139,4.27,0.0,125.4,125.4,12.141950000000001,BICARBONATADA SODICA
53,Tepehuanes,La Candela,Sin coordenadas,sin coordenadas,112.0,2017-10-20,8.34,221.3,37.054,1.55,40.63,1.701,<0.1,8.192,0.101,2.7129000000000003,3.04,0.0,95.70000000000002,95.70000000000002,6.54545,BICARBONATADA SODICA
54,Tepehuanes,Presidios,-105.626297,25.285431,113.0,2017-10-20,8.33,245.1,37.441,1.34,45.567,1.956,<0.1,8.296,0.103,4.7271,3.66,0.0,105.60000000000001,105.60000000000001,7.9003499999999995,BICARBONATADA SODICA
55,Tepehuanes,Carreras,-105.693611,25.312778,114.0,2017-10-20,8.43,405.9,28.381,1.22,61.536,2.516,<0.1,19.01,0.188,18.41685,7.41,0.0,181.50000000000003,181.5,15.701749999999999,BICARBONATADA SODICA
56,Tepehuanes,Pozo 1,-105.716899,25.326659,115.0,2017-10-20,8.4,348.0,34.342,1.11,54.999,4.056,<0.1,14.309,0.966,12.55015,6.41,0.0,122.10000000000001,122.10000000000001,18.3283,BICARBONATADA SODICA
57,Tepehuanes,Pozo 2,-105.728979,25.340786,116.0,2017-10-20,8.52,481.7,15.518,0.459,51.273,3.845,<0.1,47.649,1.918,29.5529,11.9,13.200000000000001,171.60000000000002,184.80000000000007,28.366799999999998,BICARBONATADA CALCICA Y/O MAGNESICA
58,Tepehuanes,Pozo 3,-105.71688,25.32646,117.0,2017-10-20,8.52,480.3,27.19,0.446,50.903,3.863,<0.1,47.67,1.836,20.04685,12.0,6.6000000000000005,174.9,181.5,17.4625,BICARBONATADA CALCICA Y/O MAGNESICA
59,Tepehuanes,San José de la Boca,-105.770849,25.33343,118.0,2017-10-20,8.58,432.8,19.456,2.01,70.037,6.713,<0.1,9.376,1.225,2.93215,3.97,0.0,148.50000000000003,148.50000000000003,60.3963,BICARBONATADA SODICA
60,Durango,5 de mayo,-104.57493,24.10197,119.0,2017-12-08,8.059999999999999,649.75,26.8815,3.79,68.062,6.789,,51.269000000000005,13.2395,15.202950000000001,28.555349999999997,0.0,217.8,217.8,76.56084999999999,BICARBONATADA CALCICA Y/O MAGNESICA
61,Durango,Abraham González,-104.5294236,24.2109179,120.0,2017-12-08,8.175,884.25,45.256,5.45,128.50150000000002,9.237,,15.115,4.84,1.2833,13.586549999999999,0.0,420.75,420.75,34.277699999999996,BICARBONATADA SODICA
62,Durango,Fracc. Caleto,Sin coordenadas,sin coordenadas,121.0,2017-12-08,8.375,227.5,34.051500000000004,3.21,30.529,1.4595,,17.716,0.109,4.59535,2.73115,0.0,97.15,97.15,10.87115,BICARBONATADA SODICA
63,Durango,Col Cerro del Mercado,-104.67935,24.044019,122.0,2017-12-08,8.16,214.14999999999998,30.8335,2.88,28.7225,1.347,,17.7115,0.1355,5.48995,4.2542,0.0,86.15,86.15,9.947099999999999,BICARBONATADA SODICA
64,Durango,Col Hidalgo Int.,-104.589384,24.157366,123.0,2017-12-08,7.960000000000001,531.9,13.55,4.03,86.4435,7.819,,26.372500000000002,7.367,4.2598,9.36505,0.0,237.6,237.6,14.47345,BICARBONATADA SODICA
65,Durango,Col Hidalgo Ext.,-104.58433,24.15652,124.0,2017-12-08,7.4399999999999995,540.1500000000001,16.042,3.91,87.602,7.7925,,26.317500000000003,7.413,4.55785,13.2378,0.0,232.64999999999998,232.64999999999998,19.07905,BICARBONATADA SODICA
66,Durango,Fracc Fidel Velázquez,-104.60279,24.063019,125.0,2017-12-08,7.655,551.15,34.8565,3.1900000000000004,47.3765,7.891,,61.4825,2.1645000000000003,29.176699999999997,14.84195,0.0,173.25,173.25,40.85165,BICARBONATADA CALCICA Y/O MAGNESICA
67,Durango,Col IV Centenario,-104.672972,24.006209,126.0,2017-12-08,7.625,359.9,19.932000000000002,2.0949999999999998,27.558,7.5605,,37.837999999999994,2.734,17.45055,14.0718,0.0,133.65,133.65,18.44285,BICARBONATADA CALCICA Y/O MAGNESICA
68,Durango,Fracc Jardines,-104.638748,24.047314,127.0,2017-12-08,7.904999999999999,285.4,33.376,3.43,38.451499999999996,2.2119999999999997,,23.5785,0.388,10.6914,11.0224,0.0,123.75,123.75,16.55285,BICARBONATADA SODICA
69,Durango,Labor de Guadalupe,-104.59568,24.16183,128.0,2017-12-08,8.09,594.55,73.41300000000001,7.775,109.622,7.7059999999999995,,10.271,0.9824999999999999,4.3718,25.64585,0.0,222.75,222.75,23.43995,BICARBONATADA SODICA
70,Durango,Tapias,-104.697009,23.998576,129.0,2017-12-08,7.18,420.75,7.387499999999999,0.76,16.46,11.1735,,45.564,6.022,19.55555,14.822099999999999,0.0,153.45000000000005,153.45000000000005,18.10715,BICARBONATADA CALCICA Y/O MAGNESICA
71,Durango,Fracc Valle del Roció,-104.582647,24.06218351,130.0,2017-12-08,7.71,409.85,41.772999999999996,4.205,45.775499999999994,6.435499999999999,,35.974999999999994,0.8160000000000001,14.06555,18.427750000000003,0.0,118.8,118.8,34.153400000000005,BICARBONATADA SODICA
72,Durango,Cd Industrial,-104.606683,24.066975,131.0,2017-12-08,7.925,285.05,37.926500000000004,3.5999999999999996,37.323,3.5949999999999998,,18.5325,1.174,8.96265,6.8675,0.0,103.95,103.95,12.71125,BICARBONATADA SODICA
73,Durango,Col Fco Zarco,Sin coordenadas,sin coordenadas,132.0,2017-12-08,8.075,284.6,32.255,3.37,38.509,2.5425,,21.5965,0.3955,9.47545,10.3024,0.0,103.95,103.95,13.7168,BICARBONATADA SODICA
74,Durango,Fidel Velázquez Pozo,-104.60311,24.06261,133.0,2018-01-25,7.65,646.6,34.6455,3.025,48.5435,10.899000000000001,,78.306,3.743,32.588300000000004,25.1726,0.0,207.9,207.9,63.099999999999994,BICARBONATADA CALCICA Y/O MAGNESICA
75,Durango,Fracc. Las Fuentes,-104.61738,24.04487,134.0,2018-01-25,7.66,601.65,34.82,3.2792000000000003,51.150000000000006,10.254999999999999,,71.09,2.08,29.4566,13.50485,0.0,207.9,207.9,42.768299999999996,BICARBONATADA CALCICA Y/O MAGNESICA
76,Durango,Col Fco. Zarco (Pozo),-1074.64519,24.04204,135.0,2018-01-25,8.274999999999999,283.6,32.557500000000005,3.9436,31.2,1.73,,23.295,0.08,14.456700000000001,7.089700000000001,0.0,99.0,99.0,18.1991,BICARBONATADA SODICA
77,Durango,Tapias (Pozo),-104.70646,23.99612,136.0,2018-01-25,7.535,188.5,1.755,0.1615,7.1,5.87,,17.575,4.029999999999999,14.446950000000001,3.76875,0.0,69.3,69.3,12.99015,BICARBONATADA CALCICA Y/O MAGNESICA
78,Durango,Fidel Velázquez Pozo,-104.60311,24.06261,137.0,2018-01-25,7.595000000000001,665.5,35.215,3.60785,43.8,10.855,,82.06,3.2800000000000002,38.2693,15.574100000000001,0.0,207.9,207.9,72.73445,BICARBONATADA CALCICA Y/O MAGNESICA
79,Durango,Joyas del Valle Pozo,-104.61987,24.04047,138.0,2018-01-25,7.66,742.8,21.232,2.6637,56.25,10.705,,90.785,2.84,41.4751,22.93675,0.0,267.30000000000007,267.30000000000007,62.9276,BICARBONATADA CALCICA Y/O MAGNESICA
80,Durango,Fracc Guadalupe Pozo,-104.68937,24.02838,139.0,2018-01-25,7.875,389.4,42.98650000000001,3.8591999999999995,38.775000000000006,6.075,,35.9,1.255,13.0364,6.8867,0.0,133.65,133.65,27.52115,BICARBONATADA CALCICA Y/O MAGNESICA
81,Durango,Feria Viejo Pozo,-104.67052,24.01656,140.0,2018-01-25,7.885,239.6,25.9825,3.8515499999999996,26.975,3.505,,21.439999999999998,0.495,6.54995,3.4337,0.0,99.0,99.0,13.86015,BICARBONATADA SODICA
82,Durango,Juan Villalobos Pozo,-104.68227,24.03524,141.0,2018-01-25,8.15,277.85,25.082,3.53285,31.405,3.15,,26.325,0.365,11.92745,6.32385,0.0,103.95,103.95,17.747100000000003,BICARBONATADA SODICA
83,Durango,Valle del Sur Pozo,-104.68165,24.00965,142.0,2018-01-25,8.26,235.5,30.156,3.9669,29.67,2.1950000000000003,,19.85,0.12,6.44525,3.6119,0.0,99.0,99.0,14.545850000000002,BICARBONATADA SODICA
84,Durango,Virgen Pozo,-104.68937,24.02838,143.0,2018-01-25,8.3,215.25,33.5875,4.1955,28.075000000000003,2.0,,17.515,0.095,4.4788,2.9967,0.0,89.10000000000001,89.10000000000001,12.97505,BICARBONATADA SODICA
85,Nazas,Nazas,-104.11991,25.22352,144.0,2018-02-08,7.195,916.3,10.584,1.1400000000000001,79.2055,7.425000000000001,,106.7145,9.525,22.22,21.609,0.0,316.80000000000007,316.80000000000007,107.3665,BICARBONATADA CALCICA Y/O MAGNESICA
86,Nazas,Benito Juárez,-104.2054,25.19206,145.0,2018-02-08,7.475,689.7,6.1615,0.4875,56.791,5.615,,82.11699999999999,8.365,3.52195,10.10925,0.0,257.40000000000003,257.40000000000003,77.2568,BICARBONATADA CALCICA Y/O MAGNESICA
87,Nazas,Paso Nacional,-104.01999,25.26546,146.0,2018-02-08,7.33,2500.0,15.395,1.17,283.5,9.43,,177.615,58.365,59.861000000000004,76.6115,0.0,247.50000000000003,247.50000000000003,931.112,SULFATADA Y/O CLORURADAS CALCICAS Y/O MAGNESICAS
88,Nazas,Lázaro Cárdenas,-103.9979,25.29312,147.0,2018-02-08,7.21,2638.5,5.125500000000001,0.592,242.5,8.690000000000001,,170.87,62.705,141.1305,157.9475,0.0,207.9,207.9,954.325,SULFATADA Y/O CLORURADAS CALCICAS Y/O MAGNESICAS
89,Nazas,Emilio Carranza,-103.94454,25.26043,148.0,2018-02-08,7.355,1486.5,5.000500000000001,0.47550000000000003,199.8,5.455,,146.35,21.634999999999998,50.5875,51.9965,0.0,277.2,277.2,317.045,SULFATADA Y/O CLORURADAS CALCICAS Y/O MAGNESICAS
90,Lerdo,Picardías,-103.48916,25.32362,149.0,2018-02-08,7.460000000000001,1085.5,32.9645,0.733,105.1,8.47,,81.2975,28.57,22.249499999999998,53.50750000000001,0.0,247.50000000000003,247.50000000000003,301.0905,SULFATADA Y/O CLORURADAS CALCICAS Y/O MAGNESICAS
91,Lerdo,Nazareno,-104.205787,25.19216,150.0,2018-02-08,7.324999999999999,1658.0,7.922000000000001,0.9804999999999999,179.15,9.530000000000001,,146.12,40.96,226.5885,114.0205,0.0,207.9,207.9,366.1745,SULFATADA Y/O CLORURADAS CALCICAS Y/O MAGNESICAS
92,Lerdo,Lerdo,-103.53107,25.50494,151.0,2018-02-08,7.53,664.35,9.502500000000001,0.2955,47.4865,5.615,,72.2785,16.009999999999998,21.106450000000002,19.08085,0.0,227.7,227.7,127.2757,BICARBONATADA CALCICA Y/O MAGNESICA
93,Lerdo,Cd Juárez,-103.59592,25.49591,152.0,2018-02-08,7.445,822.0,12.914,0.361,80.019,6.02,,83.039,17.415,36.05499999999999,29.1345,0.0,277.2,277.2,136.2145,BICARBONATADA CALCICA Y/O MAGNESICA
94,Lerdo,La Loma,-103.65114,25.47861,153.0,2018-02-08,7.205,873.5,5.12,0.6395,64.061,5.59,,104.266,18.37,10.604000000000001,27.761,0.0,306.90000000000003,306.90000000000003,121.11349999999999,BICARBONATADA CALCICA Y/O MAGNESICA
95,Lerdo ,León Guzmán,-103.612927,25.526027,154.0,2018-02-08,7.525,2207.0,18.554000000000002,0.34450000000000003,255.555,8.15,,126.625,53.22,8.0756,14.184899999999999,0.0,297.00000000000006,297.00000000000006,163.6282,BICARBONATADA SODICA
96,Lerdo,Parque Raymundo,-103.54249,25.51222,155.0,2018-02-08,7.665,596.75,15.306000000000001,0.28700000000000003,45.454499999999996,4.62,,64.0985,14.35,9.06245,13.31155,0.0,207.9,207.9,131.63725,BICARBONATADA CALCICA Y/O MAGNESICA
97,Lerdo ,La Goleda,-103.60259,25.62241,156.0,2018-02-08,7.595000000000001,873.4000000000001,43.2085,0.7985,48.7055,4.83,,94.81649999999999,27.384999999999998,9.0115,13.1613,0.0,188.1,188.1,126.4596,BICARBONATADA CALCICA Y/O MAGNESICA
98,Panuco de Coronado,Fco. I. Madero,-103.28088,25.76333,157.0,2018-02-08,7.57,327.85,25.7015,0.4235,47.385,2.2249999999999996,,19.177500000000002,0.2585,4.26865,5.252,0.0,118.8,118.8,41.846199999999996,BICARBONATADA SODICA
99,Panuco de Coronado,Fco. I. Madero,-103.27444,25.77058,158.0,2018-02-08,8.06,440.35,26.214,0.45799999999999996,60.082499999999996,2.44,,35.906,0.845,8.1939,7.4293,0.0,133.65,133.65,75.31129999999999,BICARBONATADA SODICA
100,Panuco de Coronado,Fco. I. Madero,-103.269649,25.78075,159.0,2018-02-08,7.69,1254.5,9.1935,0.194,98.57249999999999,2.505,,158.7,7.984999999999999,30.2153,42.3473,0.0,178.20000000000002,178.20000000000002,342.7258,SULFATADA Y/O CLORURADAS CALCICAS Y/O MAGNESICAS
101,Gómez Palacio,Gómez Palacio,-103.33865,25.7674,160.0,2018-02-08,8.61,262.45,58.97,0.723,49.229,1.685,,9.126000000000001,0.06,3.2399500000000003,9.851049999999999,0.0,108.9,108.9,40.477450000000005,BICARBONATADA SODICA
102,Gómez Palacio,Venecia,-103.34911,25.77905,161.0,2018-02-08,7.62,726.05,45.2795,0.4315,56.829499999999996,4.27,,92.9555,5.76,26.18605,12.518699999999999,0.0,262.35,262.35,94.5574,BICARBONATADA CALCICA Y/O MAGNESICA
103,Gómez Palacio,Jiménez,-103.36044,25.82896,162.0,2018-02-08,7.7,733.9000000000001,44.7845,0.4361,51.491,4.45,,80.135,5.805,26.974600000000002,11.948699999999999,0.0,212.85000000000002,212.85000000000002,88.37305,BICARBONATADA CALCICA Y/O MAGNESICA
104,Tlahualilo,El Lucero,-103.40318,25.87694,163.0,2018-02-08,8.114999999999998,920.95,21.7155,0.5605,47.338499999999996,5.36,,144.895,8.774999999999999,17.043,57.495,0.0,138.6,138.6,277.3785,SULFATADA Y/O CLORURADAS CALCICAS Y/O MAGNESICAS
105,Tlahualilo,Horizonte,-103.41898,25.93697,164.0,2018-02-08,8.04,961.5,18.985500000000002,0.4575,49.673,5.875,,138.575,9.195,21.444499999999998,57.828,0.0,123.75,123.75,295.245,SULFATADA Y/O CLORURADAS CALCICAS Y/O MAGNESICAS
106,Tlahualilo,Ceceda,-103.40429,26.08368,165.0,2018-02-08,7.949999999999999,907.75,22.6585,0.5794999999999999,49.6325,5.380000000000001,,114.03999999999999,8.05,17.4949,44.78085,0.0,128.70000000000002,128.70000000000002,254.74005,SULFATADA Y/O CLORURADAS CALCICAS Y/O MAGNESICAS
107,Tlahualilo,Tlahualilo Centro,-103.43889,26.11098,166.0,2018-02-08,7.970000000000001,730.2,25.5695,0.7,59.285,4.779999999999999,,88.43299999999999,6.85,3.3874,24.3027,0.0,123.75,123.75,142.9339,SULFATADA Y/O CLORURADAS CALCICAS Y/O MAGNESICAS
108,Tlahualilo,Tlahualilo Sur,-103.44001,26.09906,167.0,2018-02-08,7.91,1008.95,17.354,0.542,57.0895,5.359999999999999,,146.465,10.155000000000001,16.767,58.39,0.0,138.6,138.6,290.76099999999997,SULFATADA Y/O CLORURADAS CALCICAS Y/O MAGNESICAS
109,Tlahualilo,Tlahualilo Norte,-103.43917,26.11619,168.0,2018-02-08,7.865,1008.0,17.3045,0.5265,49.1485,5.9,,156.5,10.07,26.189999999999998,114.20750000000001,0.0,138.6,138.6,370.9195,SULFATADA Y/O CLORURADAS CALCICAS Y/O MAGNESICAS
110,Tlahualilo,Tlahualilo,-103.44497,26.11106,169.0,2018-02-08,7.865,1013.5,17.266,0.519,50.513000000000005,5.695,,147.325,10.43,23.5955,60.5205,0.0,133.65,133.65,317.1915,SULFATADA Y/O CLORURADAS CALCICAS Y/O MAGNESICAS
111,Mapimi,Ceballos,-104.12503,26.52196,170.0,2018-02-08,9.38,709.25,7.8185,2.315,116.5,2.93,,2.017,0.055,10.60345,29.47625,19.800000000000004,128.70000000000002,148.50000000000003,151.54149999999998,CLORURADAS Y/O SULFATADAS SODICAS
112,Mapimi,Mapimi,-104.12501,26.58802,171.0,2018-02-08,9.33,708.65,7.291,2.23,116.0,3.045,,1.9215,0.05,7.0655,20.17465,24.75,123.75,148.5,101.78535000000001,CLORURADAS Y/O SULFATADAS SODICAS
113,Mapimi,Mapimi,-104.18966,26.49838,172.0,2018-02-08,8.04,2355.0,92.97999999999999,2.3200000000000003,282.5,6.705,,173.135,0.935,39.7825,67.6665,0.0,138.6,138.6,1030.0525,CLORURADAS Y/O SULFATADAS SODICAS
114,Mapimi,Mapimi,-103.84824,25.83343,173.0,2018-02-08,7.91,684.0,6.6165,0.327,21.560000000000002,3.7,,94.54050000000001,12.825,38.0454,20.61245,0.0,242.55,242.55,105.00665000000001,BICARBONATADA CALCICA Y/O MAGNESICA
115,Lerdo,Lerdo,-103.88599,25.78526,174.0,2018-02-08,7.715,476.54999999999995,21.851,0.325,68.42,6.63,,252.575,35.735,70.366,136.465,0.0,198.0,198.0,435.8755,SULFATADA Y/O CLORURADAS CALCICAS Y/O MAGNESICAS
116,Mapimi,Bermejillo,-103.62514,25.89474,175.0,2018-02-08,8.11,1643.0,14.643,0.41500000000000004,97.3715,7.29,,103.78999999999999,52.71,50.277,70.253,0.0,158.40000000000003,158.40000000000003,687.8095,SULFATADA Y/O CLORURADAS CALCICAS Y/O MAGNESICAS
117,Mapimi,Bermejillo,-103.617761,25.876192,176.0,2018-02-08,8.16,640.65,3.7355,0.28485,28.561999999999998,3.205,,81.0805,12.48,53.73065,15.985800000000001,0.0,188.1,188.1,122.9026,BICARBONATADA CALCICA Y/O MAGNESICA
118,Gómez Palacio,Gómez Palacio,-103.46087,25.57352,177.0,2018-02-08,7.970000000000001,922.15,12.4275,0.297,58.9245,6.5600000000000005,,105.6965,15.100000000000001,33.721000000000004,43.1065,0.0,198.0,198.0,197.5,SULFATADA Y/O CLORURADAS CALCICAS Y/O MAGNESICAS
119,Gómez Palacio,Gómez Palacio,-103.48563,25.55629,178.0,2018-02-08,7.91,895.65,19.786,0.42900000000000005,69.6335,6.375,,87.1885,18.985,37.1135,42.4135,0.0,198.0,198.0,214.849,SULFATADA Y/O CLORURADAS CALCICAS Y/O MAGNESICAS
120,Gómez Palacio,Gómez Palacio,-103.4825018,25.552187,179.0,2018-02-08,7.85,891.4,19.997999999999998,0.4675,69.97999999999999,6.115,,87.0445,18.634999999999998,39.7145,44.404,0.0,198.0,198.0,225.211,SULFATADA Y/O CLORURADAS CALCICAS Y/O MAGNESICAS
121,Gómez Palacio,Gómez Palacio,-103.50245,25.55127,180.0,2018-02-08,7.9350000000000005,888.95,14.9515,0.3335,68.1615,6.85,,92.377,15.864999999999998,40.1995,40.706500000000005,0.0,193.05,193.05,196.86350000000002,SULFATADA Y/O CLORURADAS CALCICAS Y/O MAGNESICAS
122,Gómez Palacio,Gómez Palacio,-103.501449,25.551033,181.0,2018-02-08,7.395,893.9000000000001,16.506999999999998,0.389,87.62,5.835,,90.4485,15.895,35.569,37.9625,0.0,188.1,188.1,180.24349999999998,SULFATADA Y/O CLORURADAS CALCICAS Y/O MAGNESICAS
123,Gómez Palacio,Gómez Palacio,-103.50218,25.56944,182.0,2018-02-08,7.74,1146.0,18.113500000000002,0.4625,94.7255,6.48,,134.04000000000002,24.21,48.151,56.1725,0.0,202.95,202.95,303.394,SULFATADA Y/O CLORURADAS CALCICAS Y/O MAGNESICAS
124,Gómez Palacio,Gómez Palacio,-103.511349,25.566923,183.0,2018-02-08,7.62,1336.5,20.5565,0.505,104.4,6.595000000000001,,146.62,31.025,38.815,56.64149999999999,0.0,202.95,202.95,367.39750000000004,SULFATADA Y/O CLORURADAS CALCICAS Y/O MAGNESICAS
125,Lerdo,Lerdo,-103.522584,25.541864,184.0,2018-02-08,7.7,518.85,12.589500000000001,0.3115,31.713499999999996,4.29,,61.5185,10.105,3.89505,4.1489,0.0,207.9,207.9,20.84165,BICARBONATADA CALCICA Y/O MAGNESICA
126,Lerdo,Lerdo,-103.54054,25.53971,185.0,2018-02-08,7.755,520.6,12.7985,0.28049999999999997,31.299,4.324999999999999,,61.2125,10.225000000000001,3.5633,7.9786,0.0,198.0,198.0,71.97,BICARBONATADA CALCICA Y/O MAGNESICA
127,Lerdo,Lerdo,-103.53056,25.52223,186.0,2018-02-08,7.665,515.0,5.729,0.315,31.526,4.34,0,60.712,9.82,3.9672,8.8167,9.900000000000002,188.1,198.0,80.0103,BICARBONATADA CALCICA Y/O MAGNESICA
128,Durango,Fracc Fidel Velazquez Pozo,-104.603,24.063,187.0,2018-05-31,7.609999999999999,667.75,29.840373295,3.30215,41.510999999999996,11.780000000000001,,69.97749999999999,3.3499999999999996,35.1188,14.8749,0.0,300.30000000000007,300.30000000000007,65.15475,BICARBONATADA CALCICA Y/O MAGNESICA
129,Durango,Fracc Las Fuentes Pozo,-104.618,24.045,188.0,2018-05-31,7.92,606.5,30.805276780000003,2.7408,43.068,0.475,,63.6015,1.4285,26.155250000000002,12.04735,0.0,300.30000000000007,300.30000000000007,36.135400000000004,BICARBONATADA CALCICA Y/O MAGNESICA
130,Durango,Joyas del Valle Pozo,-104.62,24.04,189.0,2018-05-31,7.859999999999999,738.65,23.428890065000004,2.2747,44.22,0.3875,,64.779,1.655,40.04865,22.38225,0.0,361.725,361.725,57.00305,BICARBONATADA CALCICA Y/O MAGNESICA
131,Durango,Fracc Guadalupe Pozo,-104.629,24.041,190.0,2018-05-31,7.855,387.3,34.29377399500001,4.6612,32.895,6.1965,,24.481,0.62,16.12495,7.9567499999999995,0.0,197.92499999999998,197.92499999999998,31.6073,BICARBONATADA SODICA
132,Durango,Seminario Pozo,-104.618,24.06,191.0,2018-05-31,8.695,230.8,43.39911724000001,5.3848,29.302999999999997,2.2565,,12.786999999999999,0.11599999999999999,5.49575,3.2361,0.0,122.85,122.85,13.41595,BICARBONATADA SODICA
133,Durango,Col Francisco Zarco Pozo,-104.646,24.042,192.0,2018-05-31,8.129999999999999,285.5,27.96368707,3.5486,34.497,1.4005,,24.46,0.0455,10.253599999999999,7.05955,0.0,143.32500000000002,143.32500000000002,16.324849999999998,BICARBONATADA SODICA
134,Durango,Col Armando del Castillo Pozo,-104.655,24.038,193.0,2018-05-31,8.065000000000001,314.4,25.68033153,2.9545,35.1325,2.1205,,30.6665,0.1525,7.465,7.7505,0.0,156.97500000000002,156.97500000000002,16.87155,BICARBONATADA SODICA
135,Durango,La campana,-104.575,24.035,194.0,2018-05-31,8.385000000000002,279.2,31.81142515,4.5176,36.446,1.3965,,17.859,0.05,5.7661999999999995,1.78125,0.0,150.15000000000003,150.15000000000003,19.1449,BICARBONATADA SODICA
136,Durango,Explanada Pozo,-104.677,24.037,195.0,2018-05-31,8.025,209.10000000000002,29.496008275,3.3074,25.049500000000002,1.2389999999999999,,18.0055,0.052500000000000005,3.3779,1.16245,0.0,116.025,116.025,10.49855,BICARBONATADA SODICA
137,Durango,Col. Morga Pozo,-104.685,24.051,196.0,2018-05-31,8.215,176.64999999999998,31.0262584,3.5195499999999997,20.168999999999997,1.0779999999999998,,14.312000000000001,0.0365,2.10865,0.0,9.900000000000002,109.2,109.2,7.9718,BICARBONATADA SODICA
138,Durango,Col Lopez Portillo Pozo,-104.689,24.053,197.0,2018-05-31,8.24,180.7,52.17045343,3.27825,22.5595,1.1065,,14.9115,0.025,2.20315,0.0,19.800000000000004,109.2,109.2,8.4176,BICARBONATADA SODICA
139,Durango,Integral Poniente Pozo,-104.682,24.041,198.0,2018-05-31,8.195,190.3,31.68401181,3.33115,21.706,1.186,,15.057500000000001,0.040499999999999994,2.3823499999999997,0.0,24.75,109.2,109.2,9.287749999999999,BICARBONATADA SODICA
140,Durango,Juana Villalobos Pozo,-104.682,24.035,199.0,2018-05-31,8.030000000000001,216.60000000000002,29.391870495,3.2954499999999998,24.826999999999998,1.758,,18.0655,0.0875,1.5559,3.99195,24.75,122.85,122.85,10.2817,BICARBONATADA SODICA
141,Durango,Col La Virgen Pozo,-104.689,24.028,200.0,2018-05-31,8.129999999999999,217.15,31.603064025000002,3.2372,23.2805,1.2455,,18.7105,0.07949999999999999,0.30525,2.4238999999999997,9.900000000000002,129.675,129.675,9.8026,BICARBONATADA SODICA
142,Durango,Feria Viejo Pozo,-104.689,24.017,201.0,2018-05-31,7.75,234.89999999999998,25.676797085,3.3213,23.5995,2.7295,,22.448,0.443,1.916,2.9914,0.0,136.5,136.5,12.216999999999999,BICARBONATADA CALCICA Y/O MAGNESICA
143,Durango,Col Valle del Sur Pozo,-104.682,24.01,202.0,2018-05-31,8.135000000000002,237.14999999999998,27.85972261,2.7984999999999998,27.933500000000002,1.702,,21.049,0.101,0.79095,2.9486,0.0,129.675,129.675,10.08515,BICARBONATADA SODICA
144,Durango,Morelos Sur Pozo,-104.655,23.997,203.0,2018-05-31,7.76,390.0,30.283849439999997,2.8565,23.27,7.415,,42.806,2.3135,13.1661,15.97955,0.0,197.92499999999998,197.92499999999998,19.03555,BICARBONATADA CALCICA Y/O MAGNESICA
145,Durango,Gabino Santillan,-104.624,23.964,204.0,2018-05-31,7.925000000000001,280.95000000000005,19.834359499999998,2.49925,31.6695,1.2965,,22.974,0.028,0.37615,3.26135,0.0,163.79999999999998,163.79999999999998,19.824150000000003,BICARBONATADA SODICA
